,index,Unnamed: 0,level_0,Temperature (K),Partition Function,Energy_(eV/fu),Helmholtz,Entropy_(eV/Kfu),Hmix_Var,Volume_per_fu,Volume_per_fu_var,Hmix (meV/fu),Hmix (meV/fu)_var,Probs_Squared_Sum,Z/W,PbTe,PbSe,PbS,SnTe,SnSe,SnS,GeTe,GeSe,GeS,MnTe,MnSe,MnS,ZnTe,ZnSe,ZnS,Pb,Sn,Ge,Mn,Zn,Te,Se,S,Scaled_Entropy (meV/fuK),Number_of_Configs,Free Energy (meV/fu),Uncertainty (meV/fu),Vegards Volume_per_fu,Vegards Energy_per_fu,Vegards E_hull,Delta Volume per fu,percent difference Volume,Predicted_Energy_per_fu,H_mix_Predicted (meV/fu),EOS_Correction
0,0.0,114.0,114.0,600.0,13.148698836076465,0.06161165492591195,-0.13320618920367158,2.7058033906886607e-05,95.21509257081073,53.19246947531464,0.4561123758446667,61.61165492591197,84.15992875063816,0.023456082959901044,0.2988340644562833,0.0,0.16666666666666666,0.16666666666666666,0.0,0.16666666666666666,0.16666666666666666,0.0,0.16666666666666666,0.16666666666666666,0.0,0.0,0.0,0.0,0.0,0.0,0.3333333333333333,0.3333333333333333,0.3333333333333333,0.0,0.0,0.0,0.5,0.5,0.15380197031329648,44.0,-30.66952726206593,1.4710470341254676,52.22754654333333,-8.738620000333333,34.25938800000001,0.964922931981306,1.8475363976378,-8.555900764053272,182.71923628006093,0.3371930409750475
1,1.0,507.0,114.0,600.0,27.286996812567054,0.03084161286618492,-0.17095463058126684,2.8027256034368306e-05,53.595591755807924,61.04843547751374,0.3012661475667025,30.84161286618492,46.78666932894646,0.020353199147105216,0.5457399362513412,0.0,0.0,0.0,0.5,0.5,0.0,0.0,0.0,0.0,0.0,0.0,0.0,0.0,0.0,0.0,0.0,1.0,0.0,0.0,0.0,0.5,0.5,0.0,0.05960502586965605,50.0,-4.921402655608713,1.035331751235399,60.71550456,-8.041531652,2.5717880000000197,0.3329309175137425,0.5483457972168131,-7.981233175984139,60.29847601586091,0.5114824603207607
2,2.0,900.0,114.0,600.0,12.105626095189669,0.07210851411067633,-0.12893272477693868,2.7922394289946526e-05,156.77648676527627,62.61613886047976,0.3291833189328052,72.10851411067634,117.73792483065355,0.020917121092288875,0.2421125219037933,0.5,0.0,0.5,0.0,0.0,0.0,0.0,0.0,0.0,0.0,0.0,0.0,0.0,0.0,0.0,1.0,0.0,0.0,0.0,0.0,0.5,0.0,0.5,0.05940579681761617,50.0,36.46503602010664,1.770742707257473,62.33766016,-8.288956806,0.0,0.2784787004797593,0.4467262642919181,-8.133277110513003,155.679695486997,0.46318509221839493
3,3.0,1293.0,114.0,600.0,39.087988205251435,0.012684209824466964,-0.18953730242926206,2.808632114635125e-05,4.9671168030958,55.37252735873486,0.000625821672877757,12.684209824466967,4.659436992616825,0.020034899248049742,0.7817597641050287,0.0,0.25,0.75,0.0,0.0,0.0,0.0,0.0,0.0,0.0,0.0,0.0,0.0,0.0,0.0,1.0,0.0,0.0,0.0,0.0,0.0,0.25,0.75,0.0484483551387779,50.0,-16.38480325879977,0.31518619268920395,55.635608485,-8.766010129,0.0,-0.2630811262651491,-0.47286465166652897,-8.74741201180892,18.598117191078956,0.6820158026830404
4,4.0,1686.0,114.0,600.0,21.504813267293507,0.04261417766018413,-0.1586421766503958,2.7952271432024988e-05,117.09965333399636,59.26636482604442,0.13526300545152034,42.61417766018414,99.48694180885445,0.02075931921275517,0.4300962653458701,0.16666666666666666,0.4166666666666667,0.4166666666666667,0.0,0.0,0.0,0.0,0.0,0.0,0.0,0.0,0.0,0.0,0.0,0.0,1.0,0.0,0.0,0.0,0.0,0.16666666666666666,0.4166666666666667,0.4166666666666667,0.08820202807024091,50.0,-10.307039181960404,1.5303571696437164,59.245985675,-8.460731533666667,0.0,0.020379151044423338,0.03439752214810854,-8.37962179747255,81.10973619411688,0.5253891784112974
5,5.0,2079.0,114.0,600.0,1.9759183702778047,0.10352517715854992,-0.03521214375469888,1.9269072349062333e-05,159.11954370191597,57.696660662949476,0.8263459836678864,103.5251771585499,124.30467112208936,0.06984492991824337,0.1317278913518537,0.16666666666666666,0.0,0.16666666666666666,0.16666666666666666,0.0,0.16666666666666666,0.16666666666666666,0.0,0.16666666666666666,0.0,0.0,0.0,0.0,0.0,0.0,0.3333333333333333,0.3333333333333333,0.3333333333333333,0.0,0.0,0.5,0.0,0.5,0.15312882144739498,15.0,11.647884290112913,3.2569878077953764,56.82225047333333,-8.419928551666667,35.711873666666754,0.8744101896161425,1.5388517391202288,-8.10809679542935,311.8317562373161,0.3319904887421511
6,6.0,2472.0,114.0,600.0,22.575775738074107,0.04101778691393208,-0.16115502603140405,2.8079557353518898e-05,10.171920122222769,55.29993285336084,0.12125317109927565,41.01778691393209,9.666016959997707,0.020072470449679542,0.4515155147614821,0.0,0.25,0.25,0.0,0.25,0.25,0.0,0.0,0.0,0.0,0.0,0.0,0.0,0.0,0.0,0.5,0.5,0.0,0.0,0.0,0.0,0.5,0.5,0.11941097809997475,50.0,-30.628799946052748,0.4510414642185964,55.18204706,-8.655601097,19.4361569999999,0.11788579336084835,0.21363069991345185,-8.59490396115913,60.69713584087033,0.6757779645726352
7,7.0,2865.0,114.0,600.0,16.705850773545144,0.05522438459420924,-0.14558599790029764,2.789033090201485e-05,172.83241329579377,59.71648766605987,0.18047174201322705,55.22438459420924,141.59280699023046,0.02109047284635372,0.3341170154709029,0.25,0.25,0.5,0.0,0.0,0.0,0.0,0.0,0.0,0.0,0.0,0.0,0.0,0.0,0.0,1.0,0.0,0.0,0.0,0.0,0.25,0.25,0.5,0.08901418628018609,50.0,1.8158728260975887,1.8592063537746089,59.674814305,-8.454353057,0.0,0.04167336105987118,0.0698340858622152,-8.34345039159655,110.90266540345084,0.4979536280152459
8,8.0,3258.0,114.0,600.0,10.862140295481938,0.0650603240846584,-0.12332868688679338,2.616514041270164e-05,115.62958819070506,50.49448785705097,1.2127050607774317,65.06032408465839,103.84398419486661,0.02665697687004533,0.2785164178328702,0.0,0.0,0.0,0.0,0.25,0.25,0.0,0.25,0.25,0.0,0.0,0.0,0.0,0.0,0.0,0.0,0.5,0.5,0.0,0.0,0.0,0.5,0.5,0.1188720174406021,39.0,-6.262886379702878,1.7218772417507306,49.83533559,-8.7980553465,51.38908200000003,0.6591522670509704,1.3226604361087848,-8.616428578435348,181.62676806465151,0.3582088960670139
9,9.0,3651.0,114.0,600.0,33.46182811454782,0.020417578197058344,-0.18150199015564164,2.8044384493430548e-05,39.21801966772561,61.53840101558651,0.005193512652642642,20.417578197058337,34.70759429430703,0.02026140850513841,0.6692365622909564,0.16666666666666666,0.8333333333333334,0.0,0.0,0.0,0.0,0.0,0.0,0.0,0.0,0.0,0.0,0.0,0.0,0.0,1.0,0.0,0.0,0.0,0.0,0.16666666666666666,0.8333333333333334,0.0,0.038765974155912236,50.0,-2.8420062964890107,0.8856412328671878,61.53991895,-8.216963498666669,0.0,-0.001517934413492128,-0.002466585005946173,-8.181149285230383,35.81421343628577,0.5700970714708459
10,10.0,4044.0,114.0,600.0,2.769375238752005,0.10366598624782364,-0.0526668168825208,2.171288932365895e-05,159.98436280330068,55.28725361454343,0.709602394935818,103.66598624782364,96.71144448731476,0.04942184197994789,0.1318750113691431,0.0,0.0,0.0,0.25,0.0,0.25,0.25,0.0,0.25,0.0,0.0,0.0,0.0,0.0,0.0,0.0,0.5,0.5,0.0,0.0,0.5,0.0,0.5,0.11873242036651492,21.0,32.4265340279147,2.7601273504375423,54.06454563,-8.4854144245,53.56781050000015,1.2227079845434332,2.2615708137292883,-8.174802206878885,310.6122176211148,0.3337472912101466
11,11.0,4437.0,114.0,600.0,8.543752231385005,0.08615282245229364,-0.11091543112434027,2.7370590774532488e-05,100.78974605537678,61.153956852942066,1.208058097601552,86.15282245229368,88.63084002264976,0.022473100332491645,0.1857337441605436,0.25,0.0,0.25,0.25,0.0,0.25,0.0,0.0,0.0,0.0,0.0,0.0,0.0,0.0,0.0,0.5,0.5,0.0,0.0,0.0,0.5,0.0,0.5,0.11897679265538245,46.0,14.7667468590642,1.4802301969580447,60.217766015,-8.329921777000001,18.15026299999989,0.9361908379420641,1.5546754718679912,-8.139623771439396,190.29800556060474,0.4527258296716954
12,12.0,4830.0,114.0,600.0,36.09656288221281,0.016728031724813422,-0.1854207561121888,2.8076220532916968e-05,12.761495810175418,56.84824236954381,0.001990306779452913,16.728031724813427,12.120178498106071,0.020090889437045067,0.7219312576442561,0.0,0.5,0.5,0.0,0.0,0.0,0.0,0.0,0.0,0.0,0.0,0.0,0.0,0.0,0.0,1.0,0.0,0.0,0.0,0.0,0.0,0.5,0.5,0.05969904869823274,50.0,-19.09139749412622,0.5052028465908603,57.01196845,-8.619749308,0.0,-0.1637260804561862,-0.28717843797969445,-8.595787816061877,23.961491938122137,0.6981214595490002
13,13.0,5223.0,114.0,600.0,17.87054821626797,0.051973379822965515,-0.1490705889973293,2.792277344726317e-05,134.7864056988916,57.719420689016296,0.06950377177227887,51.973379822965505,122.9143310060046,0.02093786096975395,0.35741096432535924,0.16666666666666666,0.16666666666666666,0.6666666666666666,0.0,0.0,0.0,0.0,0.0,0.0,0.0,0.0,0.0,0.0,0.0,0.0,1.0,0.0,0.0,0.0,0.0,0.16666666666666666,0.16666666666666666,0.6666666666666666,0.07435093279562917,50.0,7.362820145587996,1.6418672644211625,57.86962571,-8.606992354666666,0.0,-0.15020502098370514,-0.2595576161774784,-8.51158279011877,95.40956454789651,0.5447397236246098
14,14.0,5616.0,114.0,600.0,13.577335694504555,0.06488871713894957,-0.1348648071143971,2.7743545035187042e-05,300.7685142073405,58.26372710689135,0.1847930181828504,64.88871713894959,240.88081371593688,0.021885794591365405,0.2715467138900911,0.25,0.0,0.75,0.0,0.0,0.0,0.0,0.0,0.0,0.0,0.0,0.0,0.0,0.0,0.0,1.0,0.0,0.0,0.0,0.0,0.25,0.0,0.75,0.04791547665641475,50.0,36.13943114510074,2.452625182156216,58.29845434,-8.600613877999999,0.0,-0.03472723310865433,-0.05956801685705607,-8.47165731970243,128.95655829756868,0.5031827616647317
15,15.0,6009.0,114.0,600.0,12.459747642122235,0.06659478839027641,-0.1304235034951929,2.736365165075963e-05,108.99718887291824,59.86432172947237,0.7667065873178592,66.59478839027642,92.26545194965423,0.022503385227426568,0.27086407917657035,0.25,0.25,0.0,0.0,0.0,0.0,0.25,0.25,0.0,0.0,0.0,0.0,0.0,0.0,0.0,0.5,0.0,0.5,0.0,0.0,0.5,0.5,0.0,0.11895044289309588,46.0,-4.775477345581108,1.5393193645027032,58.824729805,-8.12136249,13.455606499999995,1.0395919244723757,1.767270207476605,-7.894116160658278,227.24632934172107,0.29305110706600096
16,16.0,6402.0,114.0,600.0,13.684619178099856,0.06418747886938855,-0.13527174885293286,2.7702670516989093e-05,76.96250955740169,60.132273351994975,0.5368035357863304,64.18747886938857,70.57798481750544,0.021391209415865184,0.2850962328770804,0.16666666666666666,0.16666666666666666,0.16666666666666666,0.16666666666666666,0.16666666666666666,0.16666666666666666,0.0,0.0,0.0,0.0,0.0,0.0,0.0,0.0,0.0,0.5,0.5,0.0,0.0,0.0,0.3333333333333333,0.3333333333333333,0.3333333333333333,0.15391420336016282,48.0,-28.161043146709122,1.2662486390038894,59.43425179999999,-8.334835427333333,12.95743799999993,0.6980215519949766,1.1744432391339985,-8.198368609591753,136.46681774157975,0.47035228000214035
17,17.0,6795.0,114.0,600.0,27.61869183039413,0.029393043911022564,-0.1715793442530471,2.791283168945412e-05,27.64548765092914,68.18374973308039,0.05980193012141246,29.39304391102256,25.321654858393455,0.020602596345037853,0.5636467720488598,0.8333333333333334,0.08333333333333333,0.08333333333333333,0.0,0.0,0.0,0.0,0.0,0.0,0.0,0.0,0.0,0.0,0.0,0.0,1.0,0.0,0.0,0.0,0.0,0.8333333333333334,0.08333333333333333,0.08333333333333333,0.04872650309363341,49.0,0.1571420548425131,0.7511282350765188,68.182054575,-7.8246604363333345,0.0,0.0016951580803947766,0.002486223231261107,-7.770884306957577,53.776129375757264,0.5465816199905453
18,18.0,7188.0,114.0,600.0,27.451400825561056,0.030523560932615795,-0.1712652122089966,2.802621849189061e-05,51.37731048974961,60.59513763484349,0.0368229435046759,30.523560932615794,49.00797654306504,0.02036991085497073,0.5490280165112211,0.16666666666666666,0.6666666666666666,0.16666666666666666,0.0,0.0,0.0,0.0,0.0,0.0,0.0,0.0,0.0,0.0,0.0,0.0,1.0,0.0,0.0,0.0,0.0,0.16666666666666666,0.6666666666666666,0.16666666666666666,0.07460021255611758,50.0,-14.236566601054756,1.013679539990323,60.62234564,-8.314470712666667,0.0,-0.027208005156509785,-0.0448811488062206,-8.257530963044937,56.939749621729874,0.5360677055202068
19,19.0,7581.0,114.0,600.0,106.91508327301041,0.03193372635197052,-0.2415628833898648,3.7985640241921575e-05,50.89604383629237,55.26810383163165,0.005194897991970825,31.93372635197052,44.17653256462857,0.005083435655621135,0.534575416365052,0.08333333333333333,0.0,0.9166666666666666,0.0,0.0,0.0,0.0,0.0,0.0,0.0,0.0,0.0,0.0,0.0,0.0,1.0,0.0,0.0,0.0,0.0,0.08333333333333333,0.0,0.9166666666666666,0.02468113213243829,200.0,17.125047072507545,0.5044603246851648,55.60565046,-8.808385259333331,0.0,-0.3375466283683508,-0.6070365611695622,-8.751936720577536,56.44853875579514,0.5657139592243586
20,20.0,7974.0,114.0,600.0,31.025353734225515,0.02459368692623602,-0.17759313702537766,2.808150332661301e-05,8.562447983046924,68.99970255227414,0.012355691107624028,24.593686926236014,8.279734997884184,0.02006205786375555,0.6205070746845103,0.9166666666666666,0.0,0.08333333333333333,0.0,0.0,0.0,0.0,0.0,0.0,0.0,0.0,0.0,0.0,0.0,0.0,1.0,0.0,0.0,0.0,0.0,0.9166666666666666,0.0,0.08333333333333333,0.024708684528931726,50.0,9.768476208876985,0.41382237694563895,69.06966986,-7.769528352666668,0.0,-0.0699673077258609,-0.10129961221427633,-7.728386902518595,41.141450148072245,0.5977836667818185
21,21.0,8367.0,114.0,600.0,23.357173362217818,0.03483241942302657,-0.16291434173064676,2.7464827938010183e-05,23.94538117965743,55.317569132456576,0.2871037698826244,34.83241942302656,20.84164349821064,0.02190969768581083,0.5077646383090829,0.0,0.3333333333333333,0.0,0.0,0.3333333333333333,0.0,0.0,0.3333333333333333,0.0,0.0,0.0,0.0,0.0,0.0,0.0,0.3333333333333333,0.3333333333333333,0.3333333333333333,0.0,0.0,0.0,1.0,0.0,0.09458057727923898,46.0,-21.915926944516826,0.7214927336953307,54.86028412666667,-8.413443659333334,8.37518133333326,0.4572850057899061,0.833544727428102,-8.293030421962134,120.41323737119924,0.2892740049472158
22,22.0,8760.0,114.0,600.0,2.1103214133267003,0.10678622795032824,-0.03861462754089033,2.0194563262669244e-05,127.87069647964779,57.50290854438864,0.2079352817592316,106.78622795032824,109.8376093191399,0.061308554140382325,0.12413655372510002,0.25,0.0,0.25,0.0,0.0,0.0,0.25,0.0,0.25,0.0,0.0,0.0,0.0,0.0,0.0,0.5,0.0,0.5,0.0,0.0,0.5,0.0,0.5,0.11865826133120952,17.0,35.591271151602534,2.7425910514098524,56.184439775,-8.4444494535,35.417547500000246,1.3184687693886374,2.3466795694122187,-8.080577113193081,363.8723403069193,0.29347168256937617
23,23.0,9153.0,114.0,600.0,12.065528753290215,0.06580647207286655,-0.1287611818945129,2.702328527324715e-05,116.37585318419292,52.748330779242075,0.6195884072704544,65.80647207286654,112.03152561604807,0.023699004195937567,0.2742165625747776,0.0,0.25,0.25,0.0,0.0,0.0,0.0,0.25,0.25,0.0,0.0,0.0,0.0,0.0,0.0,0.5,0.0,0.5,0.0,0.0,0.0,0.5,0.5,0.1188566566829588,44.0,-5.507521936908745,1.6263166217518048,51.66525698,-8.7622035575,31.95292500000013,1.0830737992420794,2.0963290662840315,-8.527951676022873,234.2518814771264,0.28092185069297826
24,24.0,9546.0,114.0,600.0,4.771889694701294,0.08282914428981429,-0.08080002934812304,2.2726274116380184e-05,64.003913524355,50.24173552765754,0.5332614713684407,82.82914428981428,76.50861255661471,0.042878867652235,0.1988287372792205,0.0,0.0,0.3333333333333333,0.0,0.0,0.3333333333333333,0.0,0.0,0.3333333333333333,0.0,0.0,0.0,0.0,0.0,0.0,0.3333333333333333,0.3333333333333333,0.3333333333333333,0.0,0.0,0.0,0.0,1.0,0.09430654500143193,24.0,26.245217288955125,1.6330430888930818,49.59480896,-9.063796341333331,60.143594666666786,0.6469265676575446,1.3044239532796955,-8.868135798133249,195.66054320008243,0.42333085115231034
25,25.0,9939.0,114.0,600.0,18.095533606474657,0.05095551623394205,-0.14971746490441332,2.787124738032713e-05,183.27793432063564,56.63897956490208,0.016918705223516968,50.95551623394206,157.10407767480396,0.021210304832449,0.3619106721294931,0.16666666666666666,0.0,0.8333333333333334,0.0,0.0,0.0,0.0,0.0,0.0,0.0,0.0,0.0,0.0,0.0,0.0,1.0,0.0,0.0,0.0,0.0,0.16666666666666666,0.0,0.8333333333333334,0.03854971976573243,50.0,27.825684374502607,1.914564881745383,56.9520524,-8.704499568666666,0.0,-0.3130728350979197,-0.5497129987503658,-8.605565092569522,98.93447609714379,0.5150430693533853
26,26.0,10332.0,114.0,600.0,29.31581503070641,0.02684657690956059,-0.17466267850479994,2.7987396585327862e-05,100.16361293781976,51.9697114969614,0.537493567296948,26.846576909560593,69.72802888751697,0.020534174130123626,0.5863163006141282,0.0,0.0,0.0,0.0,0.5,0.0,0.0,0.5,0.0,0.0,0.0,0.0,0.0,0.0,0.0,0.0,0.5,0.5,0.0,0.0,0.0,1.0,0.0,0.05953068102343141,50.0,-8.871831704498252,1.4153700077210891,52.408082,-8.456551656,12.562771999999885,-0.4383705030385983,-0.8364559173117578,-8.352594214372052,103.95744162794784,0.2582458406935553
27,27.0,10725.0,114.0,600.0,34.198805442831805,0.01944785420644629,-0.18262838165810366,2.806614387007639e-05,20.61151677673967,68.63238361972161,0.004492922058761752,19.44785420644629,19.516202687557946,0.02014650296259593,0.6839761088566363,0.8333333333333334,0.16666666666666666,0.0,0.0,0.0,0.0,0.0,0.0,0.0,0.0,0.0,0.0,0.0,0.0,0.0,1.0,0.0,0.0,0.0,0.0,0.8333333333333334,0.16666666666666666,0.0,0.038793080989121,50.0,-3.827994387026308,0.6420516611105319,68.64084122999999,-7.775906829333333,0.0,-0.008457610278384209,-0.012321542287112512,-7.745653216331219,30.253613002114044,0.6428274932017979
28,28.0,11118.0,114.0,600.0,38.596786670656535,0.013339323716811976,-0.1888834440207593,2.8086495519107122e-05,4.8666318749081166,57.69088484899277,0.015619921907497962,13.339323716811974,4.513531920042243,0.020033804156411813,0.7719357334131307,0.0,0.5,0.0,0.0,0.5,0.0,0.0,0.0,0.0,0.0,0.0,0.0,0.0,0.0,0.0,0.5,0.5,0.0,0.0,0.0,0.0,1.0,0.0,0.059718895134816825,50.0,-22.492013364078122,0.3119817903310421,57.86722337000001,-8.344662728,2.5717880000000197,-0.17633852100723146,-0.3047295355433458,-8.32918706063178,15.475667368219703,0.8619546672478338
29,29.0,11511.0,114.0,600.0,21.735477585702828,0.04235866831114928,-0.1591938094147244,2.7993399684149127e-05,78.13822919005011,67.6719510270189,0.1061597264455711,42.35866831114927,72.64915548826723,0.02055130261585733,0.4347095517140566,0.8333333333333334,0.0,0.16666666666666666,0.0,0.0,0.0,0.0,0.0,0.0,0.0,0.0,0.0,0.0,0.0,0.0,1.0,0.0,0.0,0.0,0.0,0.8333333333333334,0.0,0.16666666666666666,0.038701899495778215,50.0,19.137528613682353,1.2501058290404865,67.72326792,-7.873414043333333,0.0,-0.051316892981091655,-0.0757743897440259,-7.796687890255855,76.72615307747765,0.5520760081425654
30,30.0,11904.0,114.0,600.0,27.71600197730741,0.030164542308266637,-0.1717611950407454,2.8045241298473888e-05,38.82210071775512,65.96357060633477,0.02314234776502856,30.16454230826664,33.979015709568564,0.02025602655985067,0.5543200395461483,0.5833333333333334,0.4166666666666667,0.0,0.0,0.0,0.0,0.0,0.0,0.0,0.0,0.0,0.0,0.0,0.0,0.0,1.0,0.0,0.0,0.0,0.0,0.5833333333333334,0.4166666666666667,0.0,0.05843898159457374,50.0,-4.898846648477601,0.881159471579976,65.977995375,-7.941303080333334,0.0,-0.014424768665236344,-0.021862999297341628,-7.885309294150368,55.9937861829658,0.5387123172864344
31,31.0,12297.0,114.0,600.0,13.761419248016384,0.06454581302353755,-0.13556110799203966,2.779262791883017e-05,124.24819919890659,62.28029405573915,0.5430919731214072,64.54581302353756,111.8567022653583,0.021278929929565475,0.28084529077584464,0.4166666666666667,0.16666666666666666,0.4166666666666667,0.0,0.0,0.0,0.0,0.0,0.0,0.0,0.0,0.0,0.0,0.0,0.0,1.0,0.0,0.0,0.0,0.0,0.4166666666666667,0.16666666666666666,0.4166666666666667,0.08815694840692109,49.0,11.65164397938491,1.5923810896489454,61.90883153,-8.295335282666668,0.0,0.3714625257391475,0.600015404198257,-8.162677100400558,132.65818226611083,0.4865573455096753
32,32.0,12690.0,114.0,600.0,3.1473019556569946,0.10896609526480217,-0.05928098953758881,2.336765066699875e-05,203.92849245410198,46.59345582430155,1.7367636273703952,108.96609526480215,240.15449521524283,0.04054730204197498,0.1165667390984072,0.0,0.0,0.0,0.0,0.0,0.5,0.0,0.0,0.5,0.0,0.0,0.0,0.0,0.0,0.0,0.0,0.5,0.5,0.0,0.0,0.0,0.0,1.0,0.05903527677928355,27.0,73.54492919723202,2.7482552879835787,47.26258918,-9.139559037,90.2153920000002,-0.6691333556984489,-1.415778033552179,-8.931246875883552,208.31216111644756,0.523090417193116
33,33.0,13083.0,114.0,600.0,70.0883125213586,0.05306146207806608,-0.21972937853405108,3.788761675168294e-05,128.3804200683348,61.638076409094715,0.25223573128173604,53.06146207806607,114.887888016534,0.005219553436145972,0.35044156260679304,0.3333333333333333,0.3333333333333333,0.3333333333333333,0.0,0.0,0.0,0.0,0.0,0.0,0.0,0.0,0.0,0.0,0.0,0.0,1.0,0.0,0.0,0.0,0.0,0.3333333333333333,0.3333333333333333,0.3333333333333333,0.09431041099782543,200.0,-3.524784520629176,0.8011879307264145,61.480002899999995,-8.301713759333332,0.0,0.15807350909470586,0.2571136981756809,-8.193162734167672,108.55102516566006,0.4888158540841858
34,34.0,13476.0,114.0,600.0,18.354702539990804,0.05170058667519909,-0.15045273014589255,2.807684955848495e-05,11.359186875692865,52.155257430260846,0.13766548113886487,51.7005866751991,12.113671062478929,0.02009088379941845,0.3670940507998161,0.0,0.0,0.5,0.0,0.0,0.5,0.0,0.0,0.0,0.0,0.0,0.0,0.0,0.0,0.0,0.5,0.5,0.0,0.0,0.0,0.0,0.0,1.0,0.059700099507135236,50.0,15.880526970917954,0.4766379522382342,52.49687075,-8.966539466,36.30052599999978,-0.3416133197391531,-0.6507308242542307,-8.907998803030697,58.54066296930327,0.8831568358272458
35,35.0,13869.0,114.0,600.0,38.75026867611373,0.013118845761359415,-0.1890886397760036,2.808437299130041e-05,6.387367786728457,60.67209224312021,0.001160312505694273,13.118845761359415,6.137159986215671,0.02004596733306254,0.7750053735222745,0.08333333333333333,0.9166666666666666,0.0,0.0,0.0,0.0,0.0,0.0,0.0,0.0,0.0,0.0,0.0,0.0,0.0,1.0,0.0,0.0,0.0,0.0,0.08333333333333333,0.9166666666666666,0.0,0.02471098057784083,50.0,-1.707742585345084,0.3574176209066491,60.652303665,-8.272095582333334,0.0,0.01978857812021317,0.032626259720506486,-8.251713994491114,20.381587842219773,0.6436616157149527
36,36.0,14262.0,114.0,600.0,20.957317465751427,0.04413807046884576,-0.15730878662958533,2.7978730152559882e-05,88.40863369964687,61.156607581836425,0.1640195667567072,44.13807046884576,83.76542259724394,0.020635958047485976,0.4191463493150284,0.25,0.5,0.25,0.0,0.0,0.0,0.0,0.0,0.0,0.0,0.0,0.0,0.0,0.0,0.0,1.0,0.0,0.0,0.0,0.0,0.25,0.5,0.25,0.08926624145753922,50.0,-9.421674405677775,1.3297265410575732,61.05117427,-8.308092236,0.0,0.10543331183642836,0.17269661574427295,-8.224768749713615,83.32348628638542,0.5297194396924516
37,37.0,14655.0,114.0,600.0,17.02030904480892,0.054266113393249125,-0.14655018837377706,2.7891153023198084e-05,165.0280260284725,64.03240976512139,0.3341179745456784,54.26611339324913,144.02396276605037,0.02110718339007964,0.3404061808961784,0.5,0.25,0.25,0.0,0.0,0.0,0.0,0.0,0.0,0.0,0.0,0.0,0.0,0.0,0.0,1.0,0.0,0.0,0.0,0.0,0.5,0.25,0.25,0.08901474697342054,50.0,0.8572652091968038,1.8167444841169742,63.714020125,-8.142695985,0.0,0.3183896401213886,0.4997167648450728,-8.03193325753573,110.76272746426952,0.489931176629382
38,38.0,15048.0,114.0,600.0,5.336515147402013,0.09725214875903614,-0.0865821110711523,2.553253608752617e-05,230.91866264843517,59.25164037455163,1.6331326180114485,97.25214875903616,121.03834037282476,0.029114522843843988,0.14823653187227814,0.0,0.0,0.0,0.5,0.0,0.5,0.0,0.0,0.0,0.0,0.0,0.0,0.0,0.0,0.0,0.0,1.0,0.0,0.0,0.0,0.5,0.0,0.5,0.05931974321373362,36.0,61.66030283079599,2.532668019261479,58.09787187,-8.370886748,36.30052599999978,1.1537685045516284,1.9859049349230984,-8.171217037053934,199.66971094606657,0.4870651051591158
39,39.0,15441.0,114.0,600.0,7.38158449366529,0.0794582407306796,-0.10335568792382356,2.539082342423655e-05,110.364603421348,54.421295526011065,0.3772893535045845,79.45824073067959,103.16837822458906,0.029694476597997982,0.21090241410472252,0.0,0.0,0.0,0.16666666666666666,0.16666666666666666,0.16666666666666666,0.16666666666666666,0.16666666666666666,0.16666666666666666,0.0,0.0,0.0,0.0,0.0,0.0,0.0,0.5,0.5,0.0,0.0,0.3333333333333333,0.3333333333333333,0.3333333333333333,0.15363029742421222,35.0,-12.719937723847735,1.7757461483745602,53.51239108666666,-8.475793501666667,39.89946433333339,0.908904439344404,1.6984934159872926,-8.230231661218182,245.5618404484845,0.32357731390822037
40,40.0,15834.0,114.0,600.0,12.759149611170788,0.06818674315400493,-0.13165123411455154,2.775527462063285e-05,164.51819924013486,60.45720104504697,0.4014722334881614,68.18674315400493,135.4124082975246,0.021475114739465232,0.26039080839124057,0.3333333333333333,0.08333333333333333,0.5833333333333334,0.0,0.0,0.0,0.0,0.0,0.0,0.0,0.0,0.0,0.0,0.0,0.0,1.0,0.0,0.0,0.0,0.0,0.3333333333333333,0.08333333333333333,0.5833333333333334,0.0760207369585054,49.0,22.574300978901693,1.8323521141436852,60.103642935,-8.447974580333334,0.0,0.3535581100469685,0.5882473886471894,-8.308546208863074,139.42837147025955,0.48904496577692114
41,41.0,16227.0,114.0,600.0,28.548886772753328,0.028545464910440625,-0.17329204742908266,2.803298782493379e-05,48.37804215345826,63.28853060175725,0.010044513611008304,28.545464910440625,43.017480592955685,0.02032480839269377,0.5709777354550666,0.3333333333333333,0.6666666666666666,0.0,0.0,0.0,0.0,0.0,0.0,0.0,0.0,0.0,0.0,0.0,0.0,0.0,1.0,0.0,0.0,0.0,0.0,0.3333333333333333,0.6666666666666666,0.0,0.054745076112927206,50.0,-4.301580757315701,0.9836467064292777,63.31514952,-8.106699331333331,0.0,-0.02661891824274676,-0.042041941690966665,-8.05212916173225,54.57016960108163,0.5230965034397626
42,42.0,16620.0,114.0,600.0,16.658124843370427,0.05668989025559265,-0.14543807649490284,2.80733287153466e-05,14.90277296187904,53.05671932330389,0.4311405540540338,56.68989025559265,14.294904269313898,0.02010721324979195,0.33316249686740845,0.0,0.0,0.0,0.0,0.5,0.5,0.0,0.0,0.0,0.0,0.0,0.0,0.0,0.0,0.0,0.0,1.0,0.0,0.0,0.0,0.0,0.5,0.5,0.05969344912949071,50.0,20.873820777898224,0.5459445569264161,53.35212567,-8.691452886,38.8723139999998,-0.29540634669611165,-0.5536918032531536,-8.61981207896196,71.64080703804032,0.7913072534971733
43,43.0,17013.0,114.0,600.0,16.754211375559617,0.05369397991981049,-0.14573545597361492,2.7698532762975752e-05,89.88872242836679,60.214198211907046,0.2748442645243072,53.693979919810495,69.52936185034224,0.021385775323337474,0.34904607032415874,0.16666666666666666,0.16666666666666666,0.0,0.16666666666666666,0.16666666666666666,0.0,0.16666666666666666,0.16666666666666666,0.0,0.0,0.0,0.0,0.0,0.0,0.0,0.3333333333333333,0.3333333333333333,0.3333333333333333,0.0,0.0,0.5,0.5,0.0,0.1538976206726948,48.0,-38.64459248380639,1.368459614770433,59.45498805666666,-8.094752210666666,9.827667000000002,0.7592101552403818,1.2769494706092233,-7.920725805543497,174.02640512316924,0.3085392695539964
44,44.0,17406.0,114.0,600.0,11.990203885346427,0.07072041156985245,-0.12843738302222735,2.766080480445553e-05,138.22343474669316,58.34437156376566,1.1248830856439385,70.72041156985244,92.71096170713793,0.021587552466895928,0.2497959142780505,0.0,0.0,0.0,0.3333333333333333,0.3333333333333333,0.3333333333333333,0.0,0.0,0.0,0.0,0.0,0.0,0.0,0.0,0.0,0.0,1.0,0.0,0.0,0.0,0.3333333333333333,0.3333333333333333,0.3333333333333333,0.09424957768304457,48.0,14.170664960025704,1.6969545929564844,57.3885007,-8.367957095333331,25.91487599999986,0.955870863765668,1.665613933290416,-8.228687669569466,139.26942576386557,0.5077956714617355
45,45.0,17799.0,114.0,600.0,40.53005154342837,0.0107904853933001,-0.19141046070053028,2.808346473525422e-05,7.132672906920988,68.01469117947151,0.0018250981813625312,10.790485393300099,6.785115691281478,0.02005082103701251,0.8106010308685673,0.5,0.0,0.0,0.5,0.0,0.0,0.0,0.0,0.0,0.0,0.0,0.0,0.0,0.0,0.0,0.5,0.5,0.0,0.0,0.0,1.0,0.0,0.0,0.05971303040502547,50.0,-25.03733284971518,0.3776949273400687,67.93866127999999,-7.693304088,0.0,0.07602989947152139,0.11190962264942853,-7.681131946057407,12.172141942592418,0.8864902696823092
46,46.0,18192.0,114.0,600.0,30.628766886783854,0.024926838267060467,-0.17692796142392034,2.8035388845969555e-05,47.75216886075892,62.395998938862846,0.007155179753701944,24.92683826706047,40.62264798619027,0.02030657806479869,0.6125753377356771,0.25,0.75,0.0,0.0,0.0,0.0,0.0,0.0,0.0,0.0,0.0,0.0,0.0,0.0,0.0,1.0,0.0,0.0,0.0,0.0,0.25,0.75,0.0,0.04836905533060784,50.0,-4.094594931304228,0.977263207746602,62.427534235,-8.161831415000002,0.0,-0.03153529613715733,-0.050515043599907335,-8.114705763473903,47.12565152609827,0.5289441622521854
47,47.0,18585.0,114.0,600.0,26.301233212071928,0.032386949801516005,-0.16905221024601566,2.7977661117712733e-05,107.17742694732249,61.19067898468761,0.30820845935298763,32.386949801515996,77.08108327034934,0.02059055891953979,0.5260246642414386,0.0,0.0,0.0,0.5,0.0,0.0,0.5,0.0,0.0,0.0,0.0,0.0,0.0,0.0,0.0,0.0,0.5,0.5,0.0,0.0,1.0,0.0,0.0,0.05951179287577984,50.0,-3.320125923951906,1.4640862470996885,60.86650208,-7.831269812,16.92022900000012,0.3241769046876044,0.5326031455882283,-7.738223821422602,93.04599057739881,0.3480746413739927
48,48.0,18978.0,114.0,600.0,29.35599505869431,0.02701212640605041,-0.17473349508292602,2.8020225206802282e-05,61.50767244011963,66.83592171460806,0.01746705314447431,27.01212640605041,50.93780059657136,0.020385672740889475,0.5871199011738861,0.6666666666666666,0.3333333333333333,0.0,0.0,0.0,0.0,0.0,0.0,0.0,0.0,0.0,0.0,0.0,0.0,0.0,1.0,0.0,0.0,0.0,0.0,0.6666666666666666,0.3333333333333333,0.0,0.05472296230667395,50.0,-5.8216509779539605,1.1091228285462311,66.86561066,-7.886170996666666,0.0,-0.029688945391939118,-0.044400918646959255,-7.835983738438154,50.187258228512555,0.5382267802528449
49,49.0,19371.0,114.0,600.0,30.84148249797266,0.024613277872171803,-0.17728580254369866,2.804153894664868e-05,41.39619859561356,67.76191353568284,0.02477015465232281,24.613277872171803,36.90979286993832,0.02027846007027315,0.6168296499594532,0.75,0.25,0.0,0.0,0.0,0.0,0.0,0.0,0.0,0.0,0.0,0.0,0.0,0.0,0.0,1.0,0.0,0.0,0.0,0.0,0.75,0.25,0.0,0.04837845588441912,50.0,-4.413795658479664,0.9099032761300904,67.753225945,-7.8310389129999995,0.0,0.008687590682839641,0.012822401533901814,-7.789487854796926,41.55105820307359,0.5923622390524611
50,50.0,19764.0,114.0,600.0,39.84826195878024,0.011674777622480995,-0.19053330637248567,2.8084456110412044e-05,6.35705343225163,69.52764037680996,0.0017344884821055974,11.674777622480994,6.058320844991813,0.02004537209404576,0.7969652391756047,0.9166666666666666,0.08333333333333333,0.0,0.0,0.0,0.0,0.0,0.0,0.0,0.0,0.0,0.0,0.0,0.0,0.0,1.0,0.0,0.0,0.0,0.0,0.9166666666666666,0.08333333333333333,0.0,0.024711049520311185,50.0,-3.1518520897057183,0.3565684627740269,69.528456515,-7.720774745666668,0.0,-0.0008161381900464447,-0.00117381893825066,-7.7043222306984465,16.452514968221976,0.7096044370742601
51,51.0,20157.0,114.0,600.0,20.79535585454049,0.04483811527440184,-0.1569076575923942,2.802024623149945e-05,63.81480467250143,66.07274494627165,0.20890840041632802,44.838115274401844,50.27721439413462,0.020382594081666,0.4159071170908098,0.6666666666666666,0.16666666666666666,0.16666666666666666,0.0,0.0,0.0,0.0,0.0,0.0,0.0,0.0,0.0,0.0,0.0,0.0,1.0,0.0,0.0,0.0,0.0,0.6666666666666666,0.16666666666666666,0.16666666666666666,0.07458741056520114,50.0,0.08566893528115571,1.1297327531102341,65.94803734999999,-7.983678210666668,0.0,0.12470759627166215,0.18909978413733972,-7.892210324540827,91.46788612584177,0.49020609498631507
52,52.0,20550.0,114.0,600.0,20.64415474619436,0.04405239019410341,-0.1565303492514795,2.7858713811886518e-05,106.14837175007656,64.80362346054535,0.2691207806158536,44.0523901941034,52.851182976334684,0.020834801919640912,0.4213092805345787,0.3333333333333333,0.0,0.0,0.3333333333333333,0.0,0.0,0.3333333333333333,0.0,0.0,0.0,0.0,0.0,0.0,0.0,0.0,0.3333333333333333,0.3333333333333333,0.3333333333333333,0.0,0.0,1.0,0.0,0.0,0.09440705793221106,49.0,-12.591844565223234,1.4718333129203085,64.04969198666666,-7.776060762,11.280152666666744,0.7539314738786942,1.1771039805088237,-7.6646351082768565,111.42565372314372,0.39535231539730675
53,53.0,20943.0,114.0,600.0,20.857155475577265,0.044499933596245884,-0.15706108362722865,2.7994585725482568e-05,76.98637886476155,63.37088020226346,0.17589830800271852,44.49993359624587,71.81473247361195,0.02054449186837501,0.4171431095115453,0.4166666666666667,0.4166666666666667,0.16666666666666666,0.0,0.0,0.0,0.0,0.0,0.0,0.0,0.0,0.0,0.0,0.0,0.0,1.0,0.0,0.0,0.0,0.0,0.4166666666666667,0.4166666666666667,0.16666666666666666,0.08832135635194394,50.0,-8.492880214920497,1.2408575975087677,63.285191495,-8.149074461666668,0.0,0.08568870726345779,0.13540088169003614,-8.058521547172022,90.55291449464598,0.49142464209561104
54,54.0,21336.0,114.0,600.0,13.900509656467388,0.06318885677165997,-0.13608107106721476,2.7676378866510383e-05,96.11807257416432,64.80447874640353,0.5066605162147829,63.188856771659964,90.69222829875204,0.02155323448871209,0.2895939511764039,0.5833333333333334,0.08333333333333333,0.3333333333333333,0.0,0.0,0.0,0.0,0.0,0.0,0.0,0.0,0.0,0.0,0.0,0.0,1.0,0.0,0.0,0.0,0.0,0.5833333333333334,0.08333333333333333,0.3333333333333333,0.07618793175275748,48.0,17.476097720005484,1.4150829817700057,64.14284875499999,-8.136317508333333,0.0,0.6616299914035437,1.0314945535560878,-8.00630629109865,130.01121723468322,0.48602619155236254
55,55.0,21729.0,114.0,600.0,39.385471863865426,0.012296171678616326,-0.18992931185911485,2.8086872713573766e-05,4.4671356305673635,58.31329605458161,0.0008426574231613457,12.296171678616329,4.286329637617581,0.020032093010238453,0.7877094372773087,0.0,0.75,0.25,0.0,0.0,0.0,0.0,0.0,0.0,0.0,0.0,0.0,0.0,0.0,0.0,1.0,0.0,0.0,0.0,0.0,0.0,0.75,0.25,0.04844920862703267,50.0,-16.773353497603274,0.2989025135580952,58.388328415,-8.473488487000001,0.0,-0.07503236041839756,-0.12850575184324287,-8.45593053660452,17.55795039548147,0.7003193084416471
56,56.0,22122.0,114.0,600.0,26.322425254155565,0.03269801080859236,-0.1690938536205995,2.802664783738776e-05,53.90111518602175,55.747769918616406,0.005295711166539929,32.69801080859236,47.49042945599829,0.02035935183044886,0.5264485050831113,0.08333333333333333,0.08333333333333333,0.8333333333333334,0.0,0.0,0.0,0.0,0.0,0.0,0.0,0.0,0.0,0.0,0.0,0.0,1.0,0.0,0.0,0.0,0.0,0.08333333333333333,0.08333333333333333,0.8333333333333334,0.04867777492552768,50.0,3.4913458532757526,1.038278528970158,56.064437115,-8.759631652333333,0.0,-0.3166671963835981,-0.5648272107575909,-8.700135304430246,59.496347903087,0.5495801332521085
57,57.0,22515.0,114.0,600.0,26.582669703051682,0.03206331002694559,-0.16960253003478304,2.800914445301785e-05,65.51194772703926,64.22188336643886,0.02694140980517809,32.063310026945594,61.10737589670642,0.02046216451634056,0.5316533940610335,0.4166666666666667,0.5833333333333334,0.0,0.0,0.0,0.0,0.0,0.0,0.0,0.0,0.0,0.0,0.0,0.0,0.0,1.0,0.0,0.0,0.0,0.0,0.4166666666666667,0.5833333333333334,0.0,0.05837046899550868,50.0,-2.958971370359613,1.144656697241922,64.202764805,-8.051567247666668,0.0,0.019118561438858702,0.029778408292737236,-7.993182474424614,58.38477324205371,0.5491724682053034
58,58.0,22908.0,114.0,600.0,17.40769094334449,0.05388296576665271,-0.1477137783732964,2.799954779721515e-05,79.88590653269378,66.62535500794479,0.2957397518405848,53.882965766652696,65.30944416420218,0.02049682389806586,0.34815381886688984,0.75,0.0,0.25,0.0,0.0,0.0,0.0,0.0,0.0,0.0,0.0,0.0,0.0,0.0,0.0,1.0,0.0,0.0,0.0,0.0,0.75,0.0,0.25,0.04831349179561936,50.0,24.894870689281078,1.2640087541840348,66.37686597999999,-7.977299734,0.0,0.24848902794479955,0.374360892573132,-7.870744980322961,106.55475367703903,0.505683359092253
59,59.0,23301.0,114.0,600.0,21.682431697666463,0.04246686662058015,-0.1590674704961142,2.7990880155096434e-05,90.4006607295414,57.2193101370648,0.3941087753383034,42.46686662058015,70.28793350547903,0.02053654412628529,0.4336486339533293,0.0,0.0,0.0,0.25,0.25,0.0,0.25,0.25,0.0,0.0,0.0,0.0,0.0,0.0,0.0,0.0,0.5,0.5,0.0,0.0,0.5,0.5,0.0,0.1190723823063884,50.0,-28.976562763252893,1.3446238189883548,56.63729204,-8.143910734,14.741500500000004,0.5820180970648039,1.027623454620243,-7.987625835908576,156.28489809142465,0.27172725669077497
60,60.0,23694.0,114.0,600.0,24.350705723984145,0.03663584086424045,-0.1650681588526019,2.801444440511699e-05,60.37214948340374,63.47728569767831,0.25305492957170633,36.63584086424046,57.662729219060594,0.02043552669178704,0.48701411447968296,0.25,0.25,0.0,0.25,0.25,0.0,0.0,0.0,0.0,0.0,0.0,0.0,0.0,0.0,0.0,0.5,0.5,0.0,0.0,0.0,0.5,0.5,0.0,0.1191594746432534,50.0,-34.85984392171158,1.0988371078863668,62.902942325,-8.018983407999999,1.2858940000000096,0.5743433726783138,0.9130628098616751,-7.947228070891528,71.75533710847048,0.5105660755082108
61,61.0,24087.0,114.0,600.0,26.36012827626111,0.03253296489338157,-0.16916785904295342,2.8014003324490975e-05,62.74927867645075,65.12817423512611,0.05049637411507773,32.532964893381575,57.065127212982595,0.02043138257814776,0.5272025655252223,0.5,0.5,0.0,0.0,0.0,0.0,0.0,0.0,0.0,0.0,0.0,0.0,0.0,0.0,0.0,1.0,0.0,0.0,0.0,0.0,0.5,0.5,0.0,0.05957923870812445,50.0,-3.214578331493101,1.1202613862527864,65.09038009,-7.996435163999999,0.0,0.03779414512611368,0.05806410267363009,-7.937644632587457,58.790531412542535,0.55337082539861
62,0.0,0.0,0.0,600.0,0.0,0.0,0.0,0.0,0.0,0.0,0.0,0.0,0.0,0.0,0.0,1.0,0.0,0.0,0.0,0.0,0.0,0.0,0.0,0.0,0.0,0.0,0.0,0.0,0.0,0.0,1.0,0.0,0.0,0.0,0.0,1.0,0.0,0.0,0.0,0.0,0.0,0.0,0.0,0.0,0.0,0.0,0.0,0.0,0.0,0.0
63,0.0,0.0,0.0,600.0,0.0,0.0,0.0,0.0,0.0,0.0,0.0,0.0,0.0,0.0,0.0,0.0,1.0,0.0,0.0,0.0,0.0,0.0,0.0,0.0,0.0,0.0,0.0,0.0,0.0,0.0,1.0,0.0,0.0,0.0,0.0,0.0,1.0,0.0,0.0,0.0,0.0,0.0,0.0,0.0,0.0,0.0,0.0,0.0,0.0,0.0
64,0.0,0.0,0.0,600.0,0.0,0.0,0.0,0.0,0.0,0.0,0.0,0.0,0.0,0.0,0.0,0.0,0.0,1.0,0.0,0.0,0.0,0.0,0.0,0.0,0.0,0.0,0.0,0.0,0.0,0.0,1.0,0.0,0.0,0.0,0.0,0.0,0.0,1.0,0.0,0.0,0.0,0.0,0.0,0.0,0.0,0.0,0.0,0.0,0.0,0.0
65,0.0,0.0,0.0,600.0,0.0,0.0,0.0,0.0,0.0,0.0,0.0,0.0,0.0,0.0,0.0,0.0,0.0,0.0,1.0,0.0,0.0,0.0,0.0,0.0,0.0,0.0,0.0,0.0,0.0,0.0,0.0,1.0,0.0,0.0,0.0,1.0,0.0,0.0,0.0,0.0,0.0,0.0,0.0,0.0,0.0,0.0,0.0,0.0,0.0,0.0
66,0.0,0.0,0.0,600.0,0.0,0.0,0.0,0.0,0.0,0.0,0.0,0.0,0.0,0.0,0.0,0.0,0.0,0.0,0.0,1.0,0.0,0.0,0.0,0.0,0.0,0.0,0.0,0.0,0.0,0.0,0.0,1.0,0.0,0.0,0.0,0.0,1.0,0.0,0.0,0.0,0.0,0.0,0.0,0.0,0.0,0.0,0.0,0.0,0.0,0.0
67,0.0,0.0,0.0,600.0,0.0,0.0,0.0,0.0,0.0,0.0,0.0,0.0,0.0,0.0,0.0,0.0,0.0,0.0,0.0,0.0,1.0,0.0,0.0,0.0,0.0,0.0,0.0,0.0,0.0,0.0,0.0,1.0,0.0,0.0,0.0,0.0,0.0,1.0,0.0,0.0,0.0,0.0,0.0,0.0,0.0,0.0,0.0,0.0,0.0,0.0
68,0.0,0.0,0.0,600.0,0.0,0.0,0.0,0.0,0.0,0.0,0.0,0.0,0.0,0.0,0.0,0.0,0.0,0.0,0.0,0.0,0.0,1.0,0.0,0.0,0.0,0.0,0.0,0.0,0.0,0.0,0.0,0.0,1.0,0.0,0.0,1.0,0.0,0.0,0.0,0.0,0.0,0.0,0.0,0.0,0.0,0.0,0.0,0.0,0.0,0.0
69,0.0,0.0,0.0,600.0,0.0,0.0,0.0,0.0,0.0,0.0,0.0,0.0,0.0,0.0,0.0,0.0,0.0,0.0,0.0,0.0,0.0,0.0,1.0,0.0,0.0,0.0,0.0,0.0,0.0,0.0,0.0,0.0,1.0,0.0,0.0,0.0,1.0,0.0,0.0,0.0,0.0,0.0,0.0,0.0,0.0,0.0,0.0,0.0,0.0,0.0
70,0.0,0.0,0.0,600.0,0.0,0.0,0.0,0.0,0.0,0.0,0.0,0.0,0.0,0.0,0.0,0.0,0.0,0.0,0.0,0.0,0.0,0.0,0.0,1.0,0.0,0.0,0.0,0.0,0.0,0.0,0.0,0.0,1.0,0.0,0.0,0.0,0.0,1.0,0.0,0.0,0.0,0.0,0.0,0.0,0.0,0.0,0.0,0.0,0.0,0.0
